{
  "generated_at": "2025-10-29T16:24:25.818287555+00:00",
  "dataset_path": "/workspace/Niodoo-Final/data/goemotions_test.tsv",
  "total_cycles": 4,
  "hardware": "beelink",
  "summary": {
    "avg_latency_baseline_ms": 2430.1975135,
    "avg_latency_hybrid_ms": 6911.149428250001,
    "avg_entropy_baseline": 1.945191057306301,
    "avg_entropy_hybrid": 1.9457264494758346,
    "avg_rouge_baseline": 0.5632129295852895,
    "avg_rouge_hybrid": 0.9999999995,
    "avg_pad_similarity_baseline": -0.03839469701051712,
    "avg_pad_similarity_hybrid": -0.035058408975601196,
    "avg_knot_complexity_baseline": 0.06724637023543746,
    "avg_knot_complexity_hybrid": 3.700000047683716,
    "avg_persistence_entropy_baseline": 2.799418880299876,
    "avg_persistence_entropy_hybrid": 1.1780178844928741,
    "avg_spectral_gap_baseline": 0.3432113081216812,
    "avg_spectral_gap_hybrid": 1.1780178844928741
  },
  "records": [
    {
      "cycle": 0,
      "prompt": "I'm so happy about this!",
      "label": "joy",
      "latency_baseline_ms": 3001.616196,
      "latency_hybrid_ms": 8016.785474,
      "entropy_baseline": 1.945746778589113,
      "entropy_hybrid": 1.9457691141743247,
      "rouge_baseline": 0.5813120779281571,
      "rouge_hybrid": 0.9999999995,
      "pad_similarity_baseline": 0.6831987500190735,
      "pad_similarity_hybrid": 0.6816178560256958,
      "betti_0_baseline": 7,
      "betti_1_baseline": 0,
      "betti_2_baseline": 2,
      "betti_0_hybrid": 1,
      "betti_1_hybrid": 0,
      "betti_2_hybrid": 0,
      "knot_complexity_baseline": 0.01801174681729099,
      "knot_complexity_hybrid": 3.700000047683716,
      "persistence_entropy_baseline": 2.807133774541274,
      "persistence_entropy_hybrid": 1.412164568901062,
      "spectral_gap_baseline": 0.21334439516067505,
      "spectral_gap_hybrid": 1.412164568901062,
      "confidence_baseline": 0.3514177404702957,
      "confidence_hybrid": 0.35141029527522505
    },
    {
      "cycle": 1,
      "prompt": "This is disappointing.",
      "label": "sadness",
      "latency_baseline_ms": 2098.155715,
      "latency_hybrid_ms": 2519.4289400000002,
      "entropy_baseline": 1.9439456361848515,
      "entropy_hybrid": 1.9455495721474962,
      "rouge_baseline": 0.5169920460855774,
      "rouge_hybrid": 0.9999999995,
      "pad_similarity_baseline": -0.7952537536621094,
      "pad_similarity_hybrid": -0.7965100407600403,
      "betti_0_baseline": 7,
      "betti_1_baseline": 0,
      "betti_2_baseline": 3,
      "betti_0_hybrid": 1,
      "betti_1_hybrid": 0,
      "betti_2_hybrid": 0,
      "knot_complexity_baseline": 0.15380322964611498,
      "knot_complexity_hybrid": 3.700000047683716,
      "persistence_entropy_baseline": 2.7834891579101573,
      "persistence_entropy_hybrid": 0.9321454763412476,
      "spectral_gap_baseline": 0.4146747887134552,
      "spectral_gap_hybrid": 0.9321454763412476,
      "confidence_baseline": 0.35201812127171617,
      "confidence_hybrid": 0.3514834759508346
    },
    {
      "cycle": 2,
      "prompt": "I'm frustrated with this situation.",
      "label": "anger",
      "latency_baseline_ms": 1856.3570849999999,
      "latency_hybrid_ms": 8668.533471,
      "entropy_baseline": 1.945269772269837,
      "entropy_hybrid": 1.945794753992872,
      "rouge_baseline": 0.5463228441342362,
      "rouge_hybrid": 0.9999999995,
      "pad_similarity_baseline": 0.24259409308433533,
      "pad_similarity_hybrid": 0.2576841711997986,
      "betti_0_baseline": 7,
      "betti_1_baseline": 0,
      "betti_2_baseline": 2,
      "betti_0_hybrid": 1,
      "betti_1_hybrid": 0,
      "betti_2_hybrid": 0,
      "knot_complexity_baseline": 0.09407026302129527,
      "knot_complexity_hybrid": 3.700000047683716,
      "persistence_entropy_baseline": 2.7997013981309826,
      "persistence_entropy_hybrid": 1.0471932888031006,
      "spectral_gap_baseline": 0.41921254992485046,
      "spectral_gap_hybrid": 1.0471932888031006,
      "confidence_baseline": 0.351576742576721,
      "confidence_hybrid": 0.3514017486690427
    },
    {
      "cycle": 3,
      "prompt": "I feel nervous about this.",
      "label": "fear",
      "latency_baseline_ms": 2764.6610579999997,
      "latency_hybrid_ms": 8439.849828,
      "entropy_baseline": 1.945802042181402,
      "entropy_hybrid": 1.9457923575886458,
      "rouge_baseline": 0.6082247501931869,
      "rouge_hybrid": 0.9999999995,
      "pad_similarity_baseline": -0.2841178774833679,
      "pad_similarity_hybrid": -0.2830256223678589,
      "betti_0_baseline": 7,
      "betti_1_baseline": 0,
      "betti_2_baseline": 2,
      "betti_0_hybrid": 1,
      "betti_1_hybrid": 0,
      "betti_2_hybrid": 0,
      "knot_complexity_baseline": 0.0031002414570486247,
      "knot_complexity_hybrid": 3.700000047683716,
      "persistence_entropy_baseline": 2.807351190617088,
      "persistence_entropy_hybrid": 1.3205682039260864,
      "spectral_gap_baseline": 0.32561349868774414,
      "spectral_gap_hybrid": 1.3205682039260864,
      "confidence_baseline": 0.35139931927286605,
      "confidence_hybrid": 0.3514025474704514
    }
  ]
}