{
  "generated_at": "2025-10-29T13:49:00.854431360+00:00",
  "dataset_path": "data/goemotions_test.tsv",
  "total_cycles": 2,
  "hardware": "beelink",
  "summary": {
    "avg_latency_baseline_ms": 1819.1763114999999,
    "avg_latency_hybrid_ms": 2260.28516,
    "avg_entropy_baseline": 1.9448462073869823,
    "avg_entropy_hybrid": 1.9456593431609104,
    "avg_rouge_baseline": 0.791145889085416,
    "avg_rouge_hybrid": 0.9999999995,
    "avg_pad_similarity_baseline": -0.056027501821517944,
    "avg_pad_similarity_hybrid": -0.05744609236717224,
    "avg_knot_complexity_baseline": 0.08590748823170298,
    "avg_knot_complexity_hybrid": 3.700000047683716,
    "avg_persistence_entropy_baseline": 2.7953114662257157,
    "avg_persistence_entropy_hybrid": 1.1721550226211548,
    "avg_spectral_gap_baseline": 0.3140095919370651,
    "avg_spectral_gap_hybrid": 1.1721550226211548
  },
  "records": [
    {
      "cycle": 0,
      "prompt": "I'm so happy about this!",
      "label": "joy",
      "latency_baseline_ms": 1396.959071,
      "latency_hybrid_ms": 1998.711391,
      "entropy_baseline": 1.945746778589113,
      "entropy_hybrid": 1.9457691141743247,
      "rouge_baseline": 0.5822917786708321,
      "rouge_hybrid": 0.9999999995,
      "pad_similarity_baseline": 0.6831987500190735,
      "pad_similarity_hybrid": 0.6816178560256958,
      "betti_0_baseline": 7,
      "betti_1_baseline": 0,
      "betti_2_baseline": 2,
      "betti_0_hybrid": 1,
      "betti_1_hybrid": 0,
      "betti_2_hybrid": 0,
      "knot_complexity_baseline": 0.01801174681729099,
      "knot_complexity_hybrid": 3.700000047683716,
      "persistence_entropy_baseline": 2.807133774541274,
      "persistence_entropy_hybrid": 1.412164568901062,
      "spectral_gap_baseline": 0.21334439516067505,
      "spectral_gap_hybrid": 1.412164568901062,
      "confidence_baseline": 0.3514177404702957,
      "confidence_hybrid": 0.35141029527522505
    },
    {
      "cycle": 1,
      "prompt": "This is disappointing.",
      "label": "sadness",
      "latency_baseline_ms": 2241.393552,
      "latency_hybrid_ms": 2521.858929,
      "entropy_baseline": 1.9439456361848515,
      "entropy_hybrid": 1.9455495721474962,
      "rouge_baseline": 0.9999999995,
      "rouge_hybrid": 0.9999999995,
      "pad_similarity_baseline": -0.7952537536621094,
      "pad_similarity_hybrid": -0.7965100407600403,
      "betti_0_baseline": 7,
      "betti_1_baseline": 0,
      "betti_2_baseline": 3,
      "betti_0_hybrid": 1,
      "betti_1_hybrid": 0,
      "betti_2_hybrid": 0,
      "knot_complexity_baseline": 0.15380322964611498,
      "knot_complexity_hybrid": 3.700000047683716,
      "persistence_entropy_baseline": 2.7834891579101573,
      "persistence_entropy_hybrid": 0.9321454763412476,
      "spectral_gap_baseline": 0.4146747887134552,
      "spectral_gap_hybrid": 0.9321454763412476,
      "confidence_baseline": 0.35201812127171617,
      "confidence_hybrid": 0.3514834759508346
    }
  ]
}