{
  "prompt_count": 5,
  "entropy_avg": 1.8321244984656566,
  "entropy_std": 0.09169603033543616,
  "rouge_avg": 0.6237448512389118,
  "latency_avg_ms": 1936.0104135999998,
  "threat_rate_pct": 60.0,
  "healing_rate_pct": 0.0,
  "latencies_ms": [
    1831.445757,
    1901.680499,
    1960.533634,
    1934.476248,
    2051.9159299999997
  ]
}