{
  "prompt_count": 5,
  "entropy_avg": 1.8321244984656566,
  "entropy_std": 0.09169603033543616,
  "rouge_avg": 0.5592418146217025,
  "latency_avg_ms": 2075.3651708,
  "threat_rate_pct": 40.0,
  "healing_rate_pct": 0.0,
  "latencies_ms": [
    1963.9417329999999,
    2055.0480000000002,
    2060.830311,
    2096.304294,
    2200.701516
  ]
}