{
  "prompt_count": 5,
  "entropy_avg": 1.8321244984656566,
  "entropy_std": 0.09169603033543616,
  "rouge_avg": 0.38903177334032774,
  "latency_avg_ms": 2766.6529058,
  "threat_rate_pct": 40.0,
  "healing_rate_pct": 0.0,
  "latencies_ms": [
    2693.72932,
    2715.013372,
    2678.530381,
    2847.355972,
    2898.6354840000004
  ]
}