{
  "prompt_count": 5,
  "entropy_avg": 1.8321244984656566,
  "entropy_std": 0.09169603033543616,
  "rouge_avg": 0.8162199169185435,
  "latency_avg_ms": 1883.2552309999999,
  "threat_rate_pct": 20.0,
  "healing_rate_pct": 0.0,
  "latencies_ms": [
    2046.72908,
    1758.7287059999999,
    1810.214446,
    1820.189776,
    1980.414147
  ]
}