{
  "prompt_count": 5,
  "entropy_avg": 1.8321244984656566,
  "entropy_std": 0.09169603033543616,
  "rouge_avg": 0.5535139902209505,
  "latency_avg_ms": 4641.0495436,
  "threat_rate_pct": 20.0,
  "healing_rate_pct": 0.0
}