{
  "prompt_count": 5,
  "entropy_avg": 1.8321244984656566,
  "entropy_std": 0.09169603033543616,
  "rouge_avg": 0.5699526645956864,
  "latency_avg_ms": 3187.5037930000003,
  "threat_rate_pct": 20.0,
  "healing_rate_pct": 0.0,
  "latencies_ms": [
    3020.358478,
    3231.9248420000004,
    3158.145863,
    3303.0236670000004,
    3224.0661149999996
  ]
}