{
  "prompt_count": 5,
  "entropy_avg": 1.8321244984656566,
  "entropy_std": 0.09169603033543616,
  "rouge_avg": 0.8288202091225347,
  "latency_avg_ms": 2057.7694730000003,
  "threat_rate_pct": 20.0,
  "healing_rate_pct": 0.0,
  "latencies_ms": [
    2021.9209400000002,
    2042.669048,
    2019.86326,
    2073.703268,
    2130.690849
  ]
}