{
  "prompt_count": 5,
  "entropy_avg": 1.8321244984656566,
  "entropy_std": 0.09169603033543616,
  "rouge_avg": 0.8290155693343492,
  "latency_avg_ms": 1963.4504738,
  "threat_rate_pct": 40.0,
  "healing_rate_pct": 0.0,
  "latencies_ms": [
    1911.8398619999998,
    1940.75989,
    1876.887071,
    1978.474172,
    2109.291374
  ]
}