{
  "cycles": 100,
  "entropy": {
    "mean": 1.862381485717975,
    "std": 0.04759005710944004,
    "min": 1.7309722922574298,
    "max": 1.9358493689995133
  },
  "latency_ms": {
    "mean": 2003.60576776,
    "std": 118.37879331188194,
    "min": 1777.318851,
    "max": 2345.452942,
    "p90": 2147.471651
  },
  "rouge_l": {
    "mean": 0.6515618626178877,
    "std": 0.06179849055234745,
    "min": 0.4876811587205916,
    "max": 0.7675213667786359,
    "p10": 0.5968512059043717
  },
  "threat_rate": 0.55,
  "healing_rate": 0.09
}